date,name,location,url
2023-08-05,Old Event,arci nice,https://nice-arci.com
2023-08-04,Nice Event,arci nice,https://nice-arci.com
2023-08-04,Summer Music Fest,Greenfield Park,https://summermusicfestny.com
2023-08-20,TechX Conference,Silicon Valley Convention Center,https://techxconf.com
2023-08-20,Foodie's Delight,Downtown Culinary District,https://foodiesdelightchicago.com
2023-08-20,Art in the Park,Central Park,https://artintheparkldn.com
2023-08-30,Wellness Expo,Health Haven Arena,https://wellnessexpomiami.com
2023-09-05,Science Summit,Innovate Center,https://sciencetokyo.com
2023-09-10,Fashion Forward,Paris Fashion Hub,https://fashionforwardparis.com
2023-09-15,GreenTech Expo,EcoPark Convention Center,https://greentechexpo.ca
2023-09-20,Adventure Quest,Outdoor Adventures Park,https://adventurequestsyd.com
2023-09-25,World Cinema Showcase,Movie Magic Theater,https://worldcinemala.com
2023-10-01,Fall Harvest Festival,Maple Grove Farms,https://fallharvestfestto.com
2023-10-07,Startup Summit,Innovation Hub,https://startupsummitsf.com
2023-10-12,Culinary Masterclass,Gourmet Institute,https://culinarymasterclassrome.com
2023-10-18,Health and Fitness Expo,Fitness Arena,https://healthfitexpoberlin.com
2023-10-23,Adventure Trekking Challenge,Wilderness Trails,https://adventuretrekcapetown.com
2023-10-29,Virtual Reality Expo,https://vrtechseoul.com,
2023-11-04,Book Lovers Convention,Book Haven Convention Center,https://bookloversconny.com
2023-11-09,Global Sustainability Summit,Sustainability Center,https://sustainabilitysummitams.com
2023-11-15,Design and Innovation Week,Creative Hub,https://designinnovationbcn.com
2023-11-20,Music Makers Festival,Symphonic Plaza,https://musicmakersvienna.com
